GTEX$1KAFJ$0003$SM$DJWYT chr1_chm13_103304997_103901127_0$HG03927.verkko_filt_pat.fa:haplotype2_0000800_29002142_29504057_1	0.9912807147201105 GTEX
GTEX$1KAFJ$0003$SM$DJWYT AV_HG01106#haplotype1#0000048:16666181_17262214$HG03927.verkko_filt_pat.fa:haplotype2_0000800_29002142_29504057_1	0.9912136922387255 GTEX
GTEX$1KAFJ$0003$SM$DJWYT AV_HG01106#haplotype1#0000048:16666181_17262214$HG02071.verkko_filt_pat.fa:haplotype2_0000736_102745972_103248026_0	0.9905032777303868 GTEX
GTEX$1KAFJ$0003$SM$DJWYT AV_HG00673#haplotype1#0000019:16627360_17129375$AV_HG01106#haplotype1#0000048:16666181_17262214	0.9904750232015482 GTEX
GTEX$1KAFJ$0003$SM$DJWYT AV_HG00673#haplotype1#0000019:16627360_17129375$chr1_chm13_103304997_103901127_0	0.9904731895112638 GTEX
GTEX$1KAFJ$0003$SM$DJWYT chr1_chm13_103304997_103901127_0$HG02071.verkko_filt_pat.fa:haplotype2_0000736_102745972_103248026_0	0.9904500421730619 GTEX
GTEX$1KAFJ$0003$SM$DJWYT chr1_chm13_103304997_103901127_0$HG02293.verkko_filt_pat.fa:haplotype2_0000836_148310532_148812524_1	0.9904146736906395 GTEX
GTEX$1KAFJ$0003$SM$DJWYT AV_HG01106#haplotype1#0000048:16666181_17262214$HG02293.verkko_filt_pat.fa:haplotype2_0000836_148310532_148812524_1	0.9903842713742423 GTEX
GTEX$1KAFJ$0003$SM$DJWYT chr1_chm13_103304997_103901127_0$HG01099.verkko_filt_pat.fa:haplotype2_0000583_143544270_144046196_1	0.9903736362142872 GTEX
GTEX$1KAFJ$0003$SM$DJWYT HG02080#2#JAHEOV010000017.1_16662177_17164189_0$chr1_chm13_103304997_103901127_0	0.9903568524539992 GTEX
